Sponsor Name,Party,Current,Sponsored Count,Cosponsored Count,Weighted Score,Score Relative to Expectation,Rank
"Sen. Scott, Hugh",Republican,False,13,37,13.874,3.541,1
"Sen. Sinema, Kyrsten",Democratic,True,2,4,1.091,3.335,2
"Sen. Jackson, Henry M.",Democratic,False,62,100,48.921,3.331,3
"Sen. Cannon, Howard W.",Democratic,False,48,69,41.756,3.126,4
"Sen. Campbell, Ben Nighthorse",Republican,False,37,55,24.316,2.824,5
"Sen. Hatch, Orrin G.",Republican,False,93,439,83.481,2.744,6
"Sen. Sparkman, John J.",Democratic,False,27,27,25.152,2.721,7
"Sen. Magnuson, Warren G.",Democratic,False,35,70,32.760,2.667,8
"Sen. Fulbright, James",Democratic,False,11,8,8.981,2.486,9
"Sen. Kennedy, John",Republican,True,6,34,4.342,2.460,10
"Sen. Bartlett, Dewey F.",Republican,False,13,18,13.117,2.352,11
"Sen. Hawley, Josh ",Republican,True,1,5,0.695,2.318,12
"Sen. Brown, Scott P.",Republican,False,2,6,1.146,2.210,13
"Sen. Kennedy, Edward M.",Democratic,False,83,411,69.023,2.209,14
"Sen. Pastore, John O.",Democratic,False,17,26,13.714,2.177,15
"Sen. DeConcini, Dennis",Democratic,False,49,307,39.404,2.175,16
"Sen. Mathias, Charles McC., Jr.",Republican,False,33,129,30.826,2.092,17
"Sen. Javits, Jacob K.",Republican,False,11,89,14.390,2.049,18
"Sen. Sullivan, Dan ",Republican,True,6,30,5.644,2.044,19
"Sen. Cranston, Alan",Democratic,False,62,318,46.641,2.044,20
"Sen. Dole, Robert J.",Republican,False,50,335,42.134,1.993,21
"Sen. Thurmond, Strom",Republican,False,49,405,50.016,1.942,22
"Sen. Rosen, Jacky",Democratic,True,1,6,0.629,1.924,23
"Sen. Packwood, Bob",Republican,False,31,199,40.097,1.897,24
"Sen. Moss, Frank E.",Democratic,False,13,42,11.935,1.894,25
"Sen. Feinstein, Dianne",Democratic,True,28,187,25.658,1.852,26
"Sen. Leahy, Patrick J.",Democratic,True,74,355,61.193,1.851,27
"Sen. Moynihan, Daniel Patrick",Democratic,False,41,317,38.059,1.827,28
"Sen. Heitkamp, Heidi",Democratic,False,4,43,5.102,1.797,29
"Sen. Johnson, Ron",Republican,True,8,27,6.992,1.784,30
"Sen. McCain, John",Republican,False,34,223,34.149,1.742,31
"Sen. Rubio, Marco",Republican,True,7,61,6.772,1.728,32
"Sen. Blunt, Roy",Republican,True,7,58,6.767,1.726,33
"Sen. Dominick, Peter H.",Republican,False,3,17,3.458,1.718,34
"Sen. Murkowski, Lisa",Republican,True,14,101,15.226,1.715,35
"Sen. McClure, James A.",Republican,False,32,171,30.274,1.704,36
"Sen. Anderson, Wendell R.",Democratic,False,6,0,5.000,1.698,37
"Sen. Abourezk, James",Democratic,False,14,37,15.694,1.697,38
"Sen. Melcher, John",Democratic,False,24,108,20.541,1.685,39
"Sen. Domenici, Pete V.",Republican,False,54,309,49.726,1.657,40
"Sen. Thune, John",Republican,True,15,58,11.375,1.600,41
"Sen. Stevens, Ted",Republican,False,45,357,47.747,1.591,42
"Sen. Pell, Claiborne",Democratic,False,38,344,39.433,1.584,43
"Sen. Inouye, Daniel K.",Democratic,False,46,475,52.291,1.561,44
"Sen. Cornyn, John",Republican,True,17,91,13.829,1.557,45
"Sen. Proxmire, William",Democratic,False,32,68,28.605,1.547,46
"Sen. Hartke, Vance",Democratic,False,13,23,9.712,1.542,47
"Sen. Begich, Mark",Democratic,False,3,38,4.611,1.523,48
"Sen. Simon, Paul",Democratic,False,15,240,15.072,1.476,49
"Sen. Eastland, James O.",Democratic,False,14,22,13.614,1.473,50
"Sen. Ervin, Sam J., Jr.",Democratic,False,6,9,5.306,1.469,51
"Sen. Duckworth, Tammy",Democratic,True,3,19,1.979,1.465,52
"Sen. Abraham, Spencer",Republican,False,11,41,7.221,1.465,53
"Sen. Randolph, Jennings",Democratic,False,17,172,21.401,1.457,54
"Sen. Murkowski, Frank H.",Republican,False,28,233,27.263,1.455,55
"Sen. Goldwater, Barry",Republican,False,22,121,21.365,1.450,56
"Sen. Garn, E. J. (Jake)",Republican,False,23,183,24.445,1.446,57
"Sen. Bingaman, Jeff",Democratic,False,23,221,29.109,1.445,58
"Sen. Mansfield, Mike",Democratic,False,10,31,9.023,1.432,59
"Sen. Klobuchar, Amy",Democratic,True,12,119,10.026,1.428,60
"Sen. Gurney, Edward J.",Republican,False,1,18,2.850,1.416,61
"Sen. Akaka, Daniel K.",Democratic,False,24,130,17.732,1.411,62
"Sen. Allard, Wayne",Republican,False,10,58,12.518,1.410,63
"Sen. Percy, Charles H.",Republican,False,17,109,17.329,1.404,64
"Sen. Collins, Susan M.",Republican,True,20,171,18.898,1.400,65
"Sen. Talmadge, Herman E.",Democratic,False,20,38,17.082,1.391,66
"Sen. Fong, Hiram L.",Republican,False,5,12,5.411,1.381,67
"Sen. Voinovich, George V.",Republican,False,12,62,10.863,1.381,68
"Sen. Tester, Jon",Democratic,True,7,80,9.519,1.356,69
"Sen. McClellan, John L.",Democratic,False,13,16,12.467,1.349,70
"Sen. Schumer, Charles E.",Democratic,True,16,136,14.595,1.339,71
"Sen. Wyden, Ron",Democratic,True,17,101,15.633,1.328,72
"Sen. Hatfield, Mark O.",Republican,False,32,179,27.945,1.322,73
"Sen. Gardner, Cory",Republican,True,5,32,3.636,1.317,74
"Sen. Frist, William H.",Republican,False,13,60,11.899,1.315,75
"Sen. DeWine, Mike",Republican,False,15,83,11.864,1.311,76
"Sen. Harkin, Tom",Democratic,False,31,150,25.541,1.304,77
"Sen. Williams, Harrison A., Jr.",Democratic,False,18,113,17.408,1.303,78
"Sen. Corker, Bob",Republican,False,6,31,6.670,1.290,79
"Sen. Eagleton, Thomas F.",Democratic,False,25,80,20.363,1.266,80
"Sen. Enzi, Michael B.",Republican,True,15,113,17.062,1.264,81
"Sen. Grassley, Chuck",Republican,True,37,356,34.684,1.256,82
"Sen. Riegle, Donald W., Jr.",Democratic,False,26,286,22.574,1.246,83
"Sen. Matsunaga, Spark M.",Democratic,False,14,211,18.243,1.246,84
"Sen. Kyl, Jon",Republican,False,13,60,13.830,1.244,85
"Sen. Levin, Carl",Democratic,False,28,360,31.062,1.241,86
"Sen. Church, Frank",Democratic,False,16,47,15.217,1.239,87
"Sen. Portman, Rob",Republican,True,8,35,4.842,1.235,88
"Sen. Craig, Larry E.",Republican,False,19,110,14.939,1.220,89
"Sen. Peters, Gary C.",Democratic,True,3,43,2.923,1.218,90
"Sen. Burdick, Quentin N.",Democratic,False,26,310,27.361,1.199,91
"Sen. Wicker, Roger F.",Republican,True,8,55,6.554,1.198,92
"Sen. Hruska, Roman L.",Republican,False,6,13,4.630,1.182,93
"Sen. Dodd, Christopher J.",Democratic,False,22,324,23.954,1.175,94
"Sen. Lott, Trent",Republican,False,16,115,15.141,1.165,95
"Sen. Jeffords, James M.",Democratic,False,12,190,12.989,1.163,96
"Sen. D'Amato, Alfonse",Republican,False,19,282,18.367,1.160,97
"Sen. Lieberman, Joseph I.",Democratic,False,16,222,17.402,1.158,98
"Sen. Ayotte, Kelly",Republican,False,1,36,2.489,1.155,99
"Sen. Heinz, John",Republican,False,17,218,17.307,1.153,100
"Sen. Johnston, J. Bennett",Democratic,False,34,192,28.491,1.144,101
"Sen. Carper, Thomas R.",Democratic,True,13,74,10.879,1.140,102
"Sen. Griffin, Robert P.",Republican,False,5,19,6.280,1.126,103
"Sen. Hansen, Clifford P.",Republican,False,5,36,6.270,1.124,104
"Sen. Durbin, Richard J.",Democratic,True,12,175,13.187,1.120,105
"Sen. Bayh, Birch",Democratic,False,16,66,13.711,1.116,106
"Sen. Alexander, Lamar",Republican,True,10,74,9.896,1.114,107
"Sen. Cardin, Benjamin L.",Democratic,True,10,74,7.779,1.108,108
"Sen. Thomas, Craig",Republican,False,12,45,9.984,1.104,109
"Sen. Denton, Jeremiah",Republican,False,11,68,8.510,1.104,110
"Sen. Boozman, John",Republican,True,6,52,4.304,1.098,111
"Sen. Nelson, Bill",Democratic,False,8,105,10.082,1.094,112
"Sen. Burns, Conrad R.",Republican,False,17,136,14.024,1.079,113
"Sen. Cochran, Thad",Republican,False,28,395,30.912,1.075,114
"Sen. Pressler, Larry",Republican,False,13,209,16.682,1.072,115
"Sen. Daines, Steve",Republican,True,3,30,2.926,1.060,116
"Sen. Daschle, Thomas A.",Democratic,False,11,178,13.296,1.057,117
"Sen. Aiken, George",Republican,False,2,6,2.119,1.053,118
"Sen. Trible, Paul S., Jr.",Republican,False,9,64,7.057,1.052,119
"Sen. Salazar, Ken",Democratic,False,2,30,2.710,1.050,120
"Sen. Schmitt, Harrison H.",Republican,False,4,44,5.808,1.048,121
"Sen. Landrieu, Mary L.",Democratic,False,9,116,9.819,1.047,122
"Sen. Specter, Arlen",Democratic,False,22,281,21.180,1.039,123
"Sen. Hirono, Mazie K.",Democratic,True,5,40,3.259,1.030,124
"Sen. Andrews, Mark",Republican,False,8,90,7.884,1.022,125
"Sen. Burr, Richard",Republican,True,9,78,7.264,1.022,126
"Sen. Lugar, Richard G.",Republican,False,30,329,27.878,1.020,127
"Sen. Gravel, Mike",Democratic,False,10,58,12.296,1.001,128
"Sen. Byrd, Harry F.,  Jr.",Independent,False,2,22,2.427,1.000,129
"Sen. McCaskill, Claire",Democratic,False,5,62,6.692,1.000,130
"Sen. Kempthorne, Dirk",Republican,False,2,40,3.925,0.998,131
"Sen. Gore, Albert, Jr.",Democratic,False,6,200,7.988,0.982,132
"Sen. Schweiker, Richard S.",Republican,False,6,51,6.814,0.970,133
"Sen. Tunney, John V.",Democratic,False,4,42,6.091,0.967,134
"Sen. Clinton, Hillary Rodham",Democratic,False,1,70,3.980,0.967,135
"Sen. Smith, Gordon H.",Republican,False,9,64,8.563,0.965,136
"Sen. Fischer, Deb",Republican,True,4,36,3.269,0.961,137
"Sen. Johnson, Tim",Democratic,False,8,104,9.000,0.960,138
"Sen. Symington, Stuart",Democratic,False,6,9,6.044,0.959,139
"Sen. Vitter, David",Republican,False,5,51,5.121,0.958,140
"Sen. Rockefeller, John D., IV",Democratic,False,21,200,18.623,0.951,141
"Sen. Whitehouse, Sheldon",Democratic,True,8,84,6.665,0.950,142
"Sen. Hollings, Ernest F.",Democratic,False,24,361,27.215,0.949,143
"Sen. Cleland, Max",Democratic,False,1,37,2.672,0.948,144
"Sen. Baker, Howard H., Jr.",Republican,False,11,64,11.660,0.945,145
"Sen. Gorton, Slade",Republican,False,18,182,15.671,0.944,146
"Sen. Graham, Bob",Democratic,False,15,158,11.865,0.943,147
"Sen. Mitchell, George J.",Democratic,False,16,193,14.121,0.931,148
"Sen. Isakson, Johnny",Republican,False,7,81,6.301,0.926,149
"Sen. Warner, John",Republican,False,21,290,22.572,0.924,150
"Sen. Merkley, Jeff",Democratic,True,4,52,5.013,0.924,151
"Sen. Kerry, John F.",Democratic,False,16,308,17.376,0.923,152
"Sen. Tillis, Thom",Republican,True,2,43,2.531,0.917,153
"Sen. Hutchison, Kay Bailey",Republican,False,14,85,11.230,0.912,154
"Sen. Kirk, Mark Steven",Republican,False,1,36,1.951,0.905,155
"Sen. Pryor, David H.",Democratic,False,15,211,14.149,0.904,156
"Sen. Culver, John C.",Democratic,False,9,19,7.822,0.902,157
"Sen. Schatz, Brian",Democratic,True,2,35,2.838,0.896,158
"Sen. Tower, John G.",Republican,False,8,79,11.030,0.894,159
"Sen. Reid, Harry",Democratic,False,15,224,17.156,0.892,160
"Sen. Metzenbaum, Howard M.",Democratic,False,30,234,19.352,0.891,161
"Sen. Ribicoff, Abraham A.",Democratic,False,11,43,10.874,0.885,162
"Sen. Snowe, Olympia J.",Republican,False,9,96,9.836,0.885,163
"Sen. Murray, Patty",Democratic,True,8,164,12.249,0.884,164
"Sen. Moran, Jerry",Republican,True,3,48,3.463,0.883,165
"Sen. Brown, Hank",Republican,False,2,54,2.973,0.883,166
"Sen. Montoya, Joseph M.",Democratic,False,4,24,5.559,0.882,167
"Sen. Coons, Christopher A.",Democratic,True,1,78,3.531,0.880,168
"Sen. Quayle, Dan",Republican,False,11,110,9.457,0.880,169
"Sen. Cotton, Norris",Republican,False,0,14,3.445,0.879,170
"Sen. Obama, Barack",Democratic,False,2,28,2.268,0.878,171
"Sen. Helms, Jesse",Republican,False,25,210,22.582,0.877,172
"Sen. Robb, Charles S.",Democratic,False,6,131,7.500,0.868,173
"Sen. Fannin, Paul J.",Republican,False,2,25,3.396,0.867,174
"Sen. Bradley, Bill",Democratic,False,17,233,13.260,0.847,175
"Sen. Crapo, Mike",Republican,True,7,89,9.920,0.842,176
"Sen. Chafee, John H.",Republican,False,17,254,15.931,0.841,177
"Sen. Blumenthal, Richard",Democratic,True,0,85,3.345,0.834,178
"Sen. Coverdell, Paul",Republican,False,7,30,5.109,0.833,179
"Sen. Metcalf, Lee",Democratic,False,8,27,7.704,0.833,180
"Sen. Menendez, Robert",Democratic,True,6,78,5.846,0.833,181
"Sen. Torricelli, Robert G.",Democratic,False,1,29,2.344,0.832,182
"Sen. Chiles, Lawton",Democratic,False,16,159,15.351,0.830,183
"Sen. Bennett, Robert F.",Republican,False,8,82,9.740,0.826,184
"Sen. Hawkins, Paula",Republican,False,7,101,6.350,0.823,185
"Sen. Lee, Mike",Republican,True,2,14,3.228,0.823,186
"Sen. Ford, Wendell H.",Democratic,False,21,183,18.224,0.822,187
"Sen. Udall, Tom",Democratic,True,6,42,4.454,0.821,188
"Sen. Boxer, Barbara",Democratic,False,11,111,10.247,0.819,189
"Sen. Hayakawa, Samuel Ichiye",Republican,False,5,33,4.536,0.818,190
"Sen. Heflin, Howell",Democratic,False,11,235,12.702,0.811,191
"Sen. Beall, J. Glenn, Jr.",Republican,False,1,40,3.178,0.811,192
"Sen. Bellmon, Henry L.",Republican,False,4,24,5.679,0.808,193
"Sen. Heinrich, Martin",Democratic,True,0,29,2.544,0.804,194
"Sen. Chambliss, Saxby",Republican,False,2,54,4.907,0.802,195
"Sen. Humphrey, Hubert H.",Democratic,False,8,76,7.383,0.799,196
"Sen. Cantwell, Maria",Democratic,True,6,96,7.605,0.797,197
"Sen. Thompson, Fred",Republican,False,5,18,4.484,0.795,198
"Sen. Stafford, Robert T.",Republican,False,12,179,12.800,0.792,199
"Sen. Bumpers, Dale",Democratic,False,19,234,17.511,0.790,200
"Sen. Bond, Christopher S.",Republican,False,15,173,12.556,0.785,201
"Sen. Boschwitz, Rudy",Republican,False,8,215,9.404,0.771,202
"Sen. Cassidy, Bill",Republican,True,3,20,2.108,0.764,203
"Sen. Sarbanes, Paul S.",Democratic,False,16,281,17.748,0.760,204
"Sen. Casey, Robert P., Jr.",Democratic,True,5,81,5.325,0.759,205
"Sen. Pryor, Mark L.",Democratic,False,5,56,4.962,0.757,206
"Sen. Kassebaum, Nancy Landon",Republican,False,14,181,11.744,0.755,207
"Sen. Cruz, Ted",Republican,True,2,28,2.567,0.755,208
"Sen. Huddleston, Walter (Dee)",Democratic,False,10,108,11.060,0.753,209
"Sen. Flake, Jeff",Republican,False,4,13,2.316,0.747,210
"Sen. Taft, Robert, Jr.",Republican,False,1,32,2.923,0.746,211
"Sen. Mondale, Walter F.",Democratic,False,4,43,4.699,0.746,212
"Sen. Booker, Cory A.",Democratic,True,2,39,2.356,0.744,213
"Sen. Stennis, John C.",Democratic,False,17,124,13.684,0.740,214
"Sen. Bentsen, Lloyd M.",Democratic,False,18,218,16.874,0.740,215
"Sen. Warren, Elizabeth",Democratic,True,1,50,2.318,0.732,216
"Sen. Allen, George",Republican,False,3,38,2.983,0.725,217
"Sen. Sessions, Jeff",Republican,False,7,77,8.439,0.719,218
"Sen. Cohen, William S.",Republican,False,8,178,11.044,0.710,219
"Sen. Glenn, John H., Jr.",Democratic,False,15,261,15.723,0.709,220
"Sen. McGovern, George",Democratic,False,9,67,8.606,0.701,221
"Sen. Biden, Joseph R., Jr.",Democratic,False,23,223,21.891,0.701,222
"Sen. Hoeven, John",Republican,True,4,33,2.745,0.700,223
"Sen. Lautenberg, Frank R.",Democratic,False,12,299,13.691,0.700,224
"Sen. Adams, Brock",Democratic,False,1,153,4.673,0.694,225
"Sen. Heller, Dean",Republican,False,2,43,2.492,0.688,226
"Sen. Coburn, Tom",Republican,False,2,32,2.982,0.686,227
"Sen. Case, Clifford P.",Republican,False,2,33,3.821,0.685,228
"Sen. Lincoln, Blanche L.",Democratic,False,4,54,4.682,0.680,229
"Sen. Cook, Marlow W.",Republican,False,2,13,1.364,0.677,230
"Sen. Donnelly, Joe",Democratic,False,1,35,1.910,0.673,231
"Sen. Inhofe, James M.",Republican,True,11,108,9.735,0.671,232
"Sen. Weicker, Lowell P., Jr.",Republican,False,14,108,10.802,0.668,233
"Sen. Warner, Mark R.",Democratic,True,4,40,3.613,0.666,234
"Sen. Krueger, Robert C.",Democratic,False,0,6,1.058,0.661,235
"Sen. Simpson, Alan K.",Republican,False,7,159,10.242,0.658,236
"Sen. Sununu, John E.",Republican,False,4,29,2.773,0.652,237
"Sen. Shaheen, Jeanne",Democratic,True,4,64,3.535,0.651,238
"Sen. Buckley, James L.",Republican,False,1,21,2.549,0.651,239
"Sen. Jepsen, Roger W.",Republican,False,5,51,4.400,0.650,240
"Sen. Danforth, John C.",Republican,False,11,149,10.536,0.650,241
"Sen. Seymour, John",Republican,False,0,26,0.747,0.649,242
"Sen. Hart, Philip A.",Democratic,False,4,35,4.084,0.648,243
"Sen. Capito, Shelley Moore",Republican,True,1,43,1.788,0.647,244
"Sen. Nelson, Gaylord",Democratic,False,9,38,7.905,0.644,245
"Sen. Reed, Jack",Democratic,True,7,90,7.557,0.642,246
"Sen. Exon, J. James",Democratic,False,15,178,10.035,0.641,247
"Sen. Perdue, David",Republican,True,1,22,1.762,0.638,248
"Sen. Kaufman, Edward E.",Democratic,False,1,11,0.903,0.638,249
"Sen. Wilson, Pete",Republican,False,4,177,6.015,0.636,250
"Sen. Wirth, Timothy",Democratic,False,4,108,4.264,0.633,251
"Sen. Hart, Gary W.",Democratic,False,6,36,7.828,0.628,252
"Sen. Sasser, Jim",Democratic,False,10,201,11.364,0.627,253
"Sen. Abdnor, James",Republican,False,6,88,4.781,0.620,254
"Sen. Baucus, Max",Democratic,False,9,218,15.359,0.614,255
"Sen. Evans, Daniel J.",Republican,False,4,49,4.099,0.611,256
"Sen. Ensign, John",Republican,False,3,38,3.455,0.610,257
"Sen. Moseley-Braun, Carol",Democratic,False,1,36,1.802,0.609,258
"Sen. Risch, James E.",Republican,True,2,34,2.777,0.600,259
"Sen. Durenberger, Dave",Republican,False,6,327,9.630,0.594,260
"Sen. Laxalt, Paul D.",Republican,False,7,91,8.738,0.593,261
"Sen. Hassan, Margaret Wood",Democratic,True,0,28,0.798,0.590,262
"Sen. Bible, Alan",Democratic,False,2,20,2.129,0.589,263
"Sen. Symms, Steven D.",Republican,False,5,158,6.986,0.587,264
"Sen. Santorum, Rick",Republican,False,5,55,5.155,0.570,265
"Sen. Nunn, Sam",Democratic,False,12,281,14.130,0.567,266
"Sen. Stabenow, Debbie",Democratic,True,4,105,5.402,0.566,267
"Sen. Roberts, Pat",Republican,True,7,83,7.636,0.565,268
"Sen. Ernst, Joni ",Republican,True,1,20,1.556,0.564,269
"Sen. Allen, James B.",Democratic,False,6,21,5.191,0.561,270
"Sen. McIntyre, Thomas J.",Democratic,False,4,35,5.181,0.560,271
"Sen. Baldwin, Tammy",Democratic,True,1,46,1.748,0.552,272
"Sen. Stevenson, Adlai E., III",Democratic,False,6,48,6.765,0.551,273
"Sen. Hagel, Chuck",Republican,False,3,75,4.877,0.549,274
"Sen. Nickles, Don",Republican,False,13,153,11.018,0.537,275
"Sen. Brown, Sherrod",Democratic,True,2,93,3.745,0.534,276
"Sen. Cortez Masto, Catherine ",Democratic,True,0,27,0.709,0.525,277
"Sen. Bunning, Jim",Republican,False,3,48,4.115,0.523,278
"Sen. Zorinsky, Edward",Democratic,False,3,108,6.371,0.523,279
"Sen. Hutchinson, Tim",Republican,False,1,34,2.402,0.520,280
"Sen. Hecht, Chic",Republican,False,3,65,3.481,0.519,281
"Sen. Bryan, Richard H.",Democratic,False,3,104,4.479,0.518,282
"Sen. Brooke, Edward W.",Republican,False,2,32,2.884,0.517,283
"Sen. Toomey, Pat",Republican,True,3,28,2.009,0.512,284
"Sen. Mack, Connie, III",Republican,False,1,107,4.548,0.512,285
"Sen. Shelby, Richard C.",Republican,True,7,207,10.167,0.511,286
"Sen. Byrd, Robert C.",Democratic,False,18,137,16.628,0.509,287
"Sen. Mikulski, Barbara A.",Democratic,False,6,259,9.746,0.507,288
"Sen. Kaine, Tim",Democratic,True,1,30,1.596,0.504,289
"Sen. Fitzgerald, Peter",Republican,False,3,20,2.341,0.500,290
"Sen. Talent, Jim",Republican,False,2,17,1.694,0.497,291
"Sen. Breaux, John B.",Democratic,False,2,125,6.213,0.494,292
"Sen. Brock, Bill",Republican,False,1,23,1.917,0.489,293
"Sen. Barrasso, John",Republican,True,2,38,2.661,0.486,294
"Sen. Dole, Elizabeth",Republican,False,2,31,2.069,0.486,295
"Sen. Dorgan, Byron L.",Democratic,False,4,90,5.695,0.486,296
"Sen. Kasten, Robert W., Jr.",Republican,False,4,152,5.742,0.483,297
"Sen. McConnell, Mitch",Republican,True,11,110,10.298,0.462,298
"Sen. Blackburn, Marsha",Republican,True,0,6,0.138,0.461,299
"Sen. Morgan, Robert B.",Democratic,False,3,22,3.984,0.460,300
"Sen. Coats, Daniel",Republican,False,4,109,3.988,0.451,301
"Sen. Hathaway, William D.",Democratic,False,3,44,4.160,0.450,302
"Sen. Webb, Jim",Democratic,False,1,27,1.728,0.448,303
"Sen. Manchin, Joe, III",Democratic,True,0,43,1.792,0.447,304
"Sen. Young, Milton R.",Republican,False,1,39,3.116,0.444,305
"Sen. Feingold, Russell D.",Democratic,False,4,76,4.330,0.440,306
"Sen. Bennet, Michael F.",Democratic,True,1,51,2.377,0.438,307
"Sen. Gregg, Judd",Republican,False,5,73,5.162,0.437,308
"Sen. Dixon, Alan J.",Democratic,False,1,220,4.587,0.435,309
"Sen. Boren, David L.",Democratic,False,3,194,6.571,0.433,310
"Sen. Pearson, James B.",Republican,False,2,14,2.400,0.430,311
"Sen. Humphrey, Gordon J.",Republican,False,6,107,5.155,0.423,312
"Sen. Kohl, Herb",Democratic,False,5,130,6.254,0.416,313
"Sen. Kerrey, J. Robert",Democratic,False,2,66,3.554,0.411,314
"Sen. Lankford, James",Republican,True,0,18,1.123,0.407,315
"Sen. LeMieux, George S.",Republican,False,0,5,0.287,0.406,316
"Sen. Conrad, Kent",Democratic,False,4,196,6.947,0.399,317
"Sen. Fowler, Wyche, Jr.",Democratic,False,2,82,2.657,0.395,318
"Sen. Muskie, Edmund S.",Democratic,False,5,25,4.814,0.392,319
"Sen. Brownback, Sam",Republican,False,4,64,3.727,0.389,320
"Sen. Udall, Mark",Democratic,False,1,21,1.171,0.387,321
"Sen. Corzine, Jon S.",Democratic,False,1,22,0.974,0.386,322
"Sen. Franken, Al",Democratic,False,1,52,1.958,0.384,323
"Sen. Gramm, Phil",Republican,False,4,84,5.095,0.380,324
"Sen. Roth Jr., William V.",Republican,False,8,185,9.309,0.372,325
"Sen. Wofford, Harris",Democratic,False,1,43,1.289,0.371,326
"Sen. Coleman, Norm",Republican,False,1,43,1.542,0.363,327
"Sen. Armstrong, William L.",Republican,False,5,71,4.418,0.362,328
"Sen. Johanns, Mike",Republican,False,0,21,0.675,0.362,329
"Sen. Cramer, Kevin",Republican,True,0,7,0.108,0.361,330
"Sen. Graham, Lindsey",Republican,True,2,57,3.193,0.360,331
"Sen. Wallop, Malcolm",Republican,False,7,92,5.735,0.354,332
"Sen. Hughes, Harold E.",Democratic,False,1,28,1.266,0.351,333
"Sen. Miller, Zell",Democratic,False,0,21,0.538,0.350,334
"Sen. Rudman, Warren",Republican,False,4,49,4.136,0.348,335
"Sen. Long, Russell B.",Democratic,False,5,43,5.587,0.347,336
"Sen. Smith, Bob",Republican,False,3,39,2.758,0.345,337
"Sen. Rounds, Mike ",Republican,True,0,31,0.945,0.342,338
"Sen. King, Angus S., Jr.",Democratic,True,0,45,1.069,0.338,339
"Sen. Mattingly, Mack",Republican,False,1,68,2.511,0.326,340
"Sen. Faircloth, Lauch",Republican,False,1,29,1.278,0.325,341
"Sen. McSally, Martha",Republican,True,0,7,0.096,0.320,342
"Sen. Cotton, Tom",Republican,True,1,22,0.852,0.309,343
"Sen. Grams, Rod",Republican,False,1,28,1.499,0.304,344
"Sen. Haskell, Floyd K.",Democratic,False,4,29,2.794,0.302,345
"Sen. Gillibrand, Kirsten E.",Democratic,True,0,67,1.627,0.300,346
"Sen. Tsongas, Paul E.",Democratic,False,0,61,1.625,0.299,347
"Sen. Scott, William Lloyd",Republican,False,2,8,1.636,0.293,348
"Sen. McGee, Gale W.",Democratic,False,1,36,1.845,0.293,349
"Sen. Durkin, John A.",Democratic,False,2,28,2.524,0.291,350
"Sen. Sanders, Bernard",Democratic,True,1,48,2.031,0.289,351
"Sen. Harris, Kamala D.",Democratic,True,0,16,0.388,0.287,352
"Sen. Bayh, Evan",Democratic,False,2,52,1.965,0.285,353
"Sen. Chafee, Lincoln",Republican,False,0,28,1.727,0.273,354
"Sen. Scott, Rick ",Republican,True,0,6,0.082,0.272,355
"Sen. Smith, Tina ",Democratic,True,0,5,0.088,0.268,356
"Sen. Markey, Edward J.",Democratic,True,0,38,0.840,0.265,357
"Sen. Van Hollen, Chris",Democratic,True,0,23,0.355,0.263,358
"Sen. East, John P.",Republican,False,0,62,2.027,0.263,359
"Sen. Wellstone, Paul D.",Democratic,False,0,77,1.778,0.263,360
"Sen. Burris, Roland",Democratic,False,0,16,0.361,0.255,361
"Sen. Edwards, John",Democratic,False,0,26,0.717,0.248,362
"Sen. Ashcroft, John",Republican,False,1,27,1.213,0.246,363
"Sen. Karnes, David K.",Republican,False,0,21,0.332,0.232,364
"Sen. Scott, Tim",Republican,True,1,17,0.759,0.223,365
"Sen. Braun, Mike ",Republican,True,0,5,0.066,0.221,366
"Sen. Stone, Richard (Dick)",Democratic,False,1,26,1.908,0.220,367
"Sen. Martinez, Mel",Republican,False,0,20,0.545,0.220,368
"Sen. Sanford, Terry",Democratic,False,0,119,1.721,0.212,369
"Sen. Kirk, Paul Grattan, Jr.",Democratic,False,0,3,0.268,0.190,370
"Sen. Romney, Mitt ",Republican,True,0,4,0.056,0.186,371
"Sen. Hatfield, Paul",Democratic,False,1,1,0.533,0.181,372
"Sen. Curtis, Carl T.",Republican,False,0,16,0.937,0.168,373
"Sen. Clark, Dick",Democratic,False,1,38,1.548,0.167,374
"Sen. Carnahan, Jean",Democratic,False,0,5,0.088,0.151,375
"Sen. Stewart, Donald",Democratic,False,0,15,0.864,0.144,376
"Sen. Nelson, Ben",Democratic,False,0,45,0.914,0.143,377
"Sen. Mathews, Harlan",Democratic,False,0,19,0.202,0.126,378
"Sen. Dayton, Mark",Democratic,False,0,21,0.313,0.124,379
"Sen. Hyde-Smith, Cindy",Republican,True,0,4,0.034,0.113,380
"Sen. Murphy, Christopher",Democratic,True,0,26,0.342,0.108,381
"Sen. Paul, Rand",Republican,True,0,10,0.417,0.106,382
"Sen. Hagan, Kay R.",Democratic,False,0,20,0.308,0.102,383
"Sen. Jones, Doug ",Democratic,True,0,4,0.031,0.095,384
"Sen. Bennett, Wallace F.",Republican,False,0,8,0.162,0.081,385
"Sen. Strange, Luther",Republican,False,0,4,0.094,0.064,386
"Sen. DeMint, Jim",Republican,False,0,13,0.221,0.060,387
"Sen. Hodges, Kaneaster, Jr.",Democratic,False,0,1,0.100,0.034,388
"Sen. Humphrey, Muriel",Democratic,False,0,2,0.079,0.027,389
"Sen. Saxbe, William B.",Republican,False,0,1,0.050,0.025,390
"Sen. Young, Todd",Republican,True,0,5,0.043,0.024,391
"Sen. Sasse, Ben ",Republican,True,0,6,0.064,0.023,392
"Sen. Brady, Nicholas",Republican,False,0,1,0.009,0.004,393
"Sen. Burdick, Jocelyn",Democratic,False,0,0,0.000,0.000,394
"Sen. Allen, Maryon",Democratic,False,0,0,0.000,0.000,395
"Sen. Frahm, Sheila",Republican,False,0,0,0.000,0.000,396
